{
  "project_info": {
    "project_number": "635027065658",
    "project_id": "riskreportapp-633f7",
    "storage_bucket": "riskreportapp-633f7.firebasestorage.app"
  },
  "client": [
    {
      "client_info": {
        "mobilesdk_app_id": "1:635027065658:android:1ec061694437a1567f5e03",
        "android_client_info": {
          "package_name": "com.leandro.riskreportapp"
        }
      },
      "oauth_client": [],
      "api_key": [
        {
          "current_key": "AIzaSyCyOPxQ9hvCktgK6xDVUIYWNJ5B0qjkjhE"
        }
      ],
      "services": {
        "appinvite_service": {
          "other_platform_oauth_client": []
        }
      }
    }
  ],
  "configuration_version": "1"
}